{
  "collapse_objects": {
    "intact": {
      "eigenmode_profile": [
        0.2858242658369985,
        0.10740341578270306,
        0.10335362208409786,
        0.09144633996075344,
        0.027634496913354158,
        0.006899983733314561,
        0.004925597889407253,
        0.0007604919509371184,
        -0.0007604919509371675,
        -0.004925597889407288,
        -0.006899983733314602,
        -0.027634496913354123,
        -0.09144633996075342,
        -0.10335362208409783,
        -0.10740341578270303,
        -0.2858242658369985
      ],
      "dominant_eigenvalue": 0.2858242658369985,
      "spectral_gap": 0.17842085005429542,
      "participation_ratio": 5.448583489551513e-32,
      "von_neumann_entropy": 1.4707942072783255,
      "entropy_normalized": 0.7073025030028849,
      "eigenvalue_decay_rate": 0.7884702175398349,
      "n_modes": 16,
      "progenitor_trace": 0.0
    }
  },
  "collapse_drifts": {}
}