{
  "baseline": {
    "frequency_hz": 0.41642129839671105,
    "std_hz": 0.04988887461572408
  },
  "grid_resolution": {
    "10": {
      "mean_hz": 0.23572991339835653,
      "std_hz": 0.05396391395023766
    },
    "15": {
      "mean_hz": 0.2302945601855466,
      "std_hz": 0.03058722503447822
    },
    "20": {
      "mean_hz": 0.22185378510916928,
      "std_hz": 0.03418623494626627
    },
    "25": {
      "mean_hz": 0.19585579107163675,
      "std_hz": 0.029425211189285528
    },
    "30": {
      "mean_hz": 0.1811144693671431,
      "std_hz": 0.02594737124567431
    }
  },
  "smoothing_method": {
    "1.0": {
      "mean_hz": 0.1768288419957464,
      "std_hz": 0.018414825564774334
    },
    "1.5": {
      "mean_hz": 0.19891483950891176,
      "std_hz": 0.03514185085223945
    },
    "2.0": {
      "mean_hz": 0.22185378510916928,
      "std_hz": 0.03418623494626627
    },
    "2.5": {
      "mean_hz": 0.22072045611370997,
      "std_hz": 0.026436313925593515
    },
    "3.0": {
      "mean_hz": 0.22241818134863603,
      "std_hz": 0.04015793679228646
    }
  },
  "overall_sensitivity": {
    "mean_hz": 0.20782761084808996,
    "std_hz": 0.03711271768230191,
    "min_hz": 0.1380711394497538,
    "max_hz": 0.3106608015245833,
    "coefficient_of_variation_percent": 17.857452881671808
  },
  "verdict": "ROBUST",
  "interpretation": "The ~0.4 Hz frequency is stable across parameter variations (CV < 20%)."
}