{
  "grid_resolution": {
    "mean_hz": 0.21102501316531316,
    "std_hz": 0.029090069162789826,
    "cv_percent": 13.785128467212177,
    "range_hz": [
      0.14739099595198174,
      0.2551201488481717
    ],
    "by_resolution": {
      "4": [],
      "6": [],
      "8": [
        0.21737944272711418
      ],
      "10": [
        0.14739099595198174
      ],
      "15": [
        0.21850616405946766,
        0.23581218004535298,
        0.20303321612758635,
        0.17657548628561903
      ],
      "20": [
        0.22601331623264104,
        0.22633597232363953,
        0.20408320905155755,
        0.2551201488481717
      ]
    }
  },
  "smoothing": {
    "mean_hz": 0.1986811956191224,
    "std_hz": 0.027964740130225842,
    "cv_percent": 14.075182124349132,
    "range_hz": [
      0.1380711394497538,
      0.2551201488481717
    ],
    "by_sigma": {
      "1.0": [
        0.15383051460047725,
        0.1935775449077409,
        0.18631881969477362,
        0.15380685478893835
      ],
      "1.5": [
        0.21702476711565377,
        0.18038160287437804,
        0.2012216686811843,
        0.1857291530799497
      ],
      "2.0": [
        0.22601331623264104,
        0.22633597232363953,
        0.20408320905155755,
        0.2551201488481717
      ],
      "2.5": [
        0.2189992692999782,
        0.2006805854252171,
        0.19069613447436504,
        0.2082949601027809
      ],
      "3.0": [
        0.22564396655201252,
        0.20911308926011202,
        0.1380711394497538
      ]
    }
  },
  "curvature_estimator": {
    "mean_hz": 0.24520811852116045,
    "std_hz": 0.045728651852557,
    "cv_percent": 18.648914288949534,
    "range_hz": [
      0.1980358731441654,
      0.3267661142859678
    ],
    "by_method": {
      "gradient": [
        0.22601331623264104,
        0.22633597232363953,
        0.20408320905155755,
        0.2551201488481717
      ],
      "finite_diff": [
        0.29007540089069067,
        0.2150856497847847,
        0.1987290980450799,
        0.1980358731441654
      ],
      "spline": [
        0.31183640260490597,
        0.3267661142859678
      ]
    }
  },
  "overall": {
    "mean_hz": 0.2137762572725144,
    "std_hz": 0.038735325975579805,
    "cv_percent": 18.11956410397876,
    "range_hz": [
      0.1380711394497538,
      0.3267661142859678
    ],
    "verdict": "ROBUST"
  }
}