{
  "baseline": {
    "frequency_hz": 0.41642129839671105,
    "std_hz": 0.04988887461572408
  },
  "grid_resolution": {
    "10": {
      "mean_hz": 0.00019293728431187055,
      "std_hz": 7.844597820913656e-05
    },
    "15": {
      "mean_hz": 0.0002836637853774193,
      "std_hz": 9.780110796117423e-05
    },
    "20": {
      "mean_hz": 0.0003619172268956629,
      "std_hz": 0.00011449231300049868
    },
    "25": {
      "mean_hz": 0.0004469758934320765,
      "std_hz": 0.00013518325642914935
    },
    "30": {
      "mean_hz": 0.0005355152151782281,
      "std_hz": 0.0001599942848814625
    },
    "40": {
      "mean_hz": 0.0006815876345701145,
      "std_hz": 0.00020345472577106512
    }
  },
  "smoothing_method": {
    "1.0": {
      "mean_hz": 0.0012807587256964063,
      "std_hz": 0.00037766703052251755
    },
    "1.5": {
      "mean_hz": 0.0006245597867200589,
      "std_hz": 0.0001885468665584395
    },
    "2.0": {
      "mean_hz": 0.0003619172268956629,
      "std_hz": 0.00011449231300049868
    },
    "2.5": {
      "mean_hz": 0.00023310714433264363,
      "std_hz": 7.837518308523715e-05
    },
    "3.0": {
      "mean_hz": 0.00016105186766181352,
      "std_hz": 5.829851768266715e-05
    }
  },
  "curvature_estimator": {
    "laplacian": {
      "mean_hz": 0.0003619172268956629,
      "std_hz": 0.00011449231300049868
    },
    "trace_hessian": {
      "mean_hz": 0.0003734139346726232,
      "std_hz": 0.00011765352334731638
    },
    "frobenius": {
      "mean_hz": 0.0003721221736809211,
      "std_hz": 0.00011693076855986092
    }
  },
  "overall_sensitivity": {
    "mean_hz": 0.00044796036616579746,
    "std_hz": 0.0003158397016793879,
    "min_hz": 6.10989807924728e-05,
    "max_hz": 0.0018101007960443806,
    "coefficient_of_variation_percent": 70.50617097729813
  },
  "verdict": "SENSITIVE",
  "interpretation": "The frequency shows significant sensitivity to parameters (CV = 70.5%)."
}